{"cameraMode":{"drawMode":0,"name":"Shaded","section":"Shading Mode"},"sceneLighting":true,"audioPlay":false,"sceneViewState":{"m_AlwaysRefresh":false,"showFog":true,"showSkybox":true,"showFlares":true,"showImageEffects":true,"showParticleSystems":true,"showVisualEffectGraphs":true,"m_FxEnabled":true},"in2DMode":false,"pivot":{"x":5.02310848236084,"y":3.5357797145843508,"z":-50.0980110168457},"rotation":{"x":-0.0049973828718066219,"y":0.9970707893371582,"z":0.0047434731386601929,"w":-0.1006615087389946},"size":22.94260597229004,"orthographic":false}