{"cameraMode":{"drawMode":0,"name":"Shaded","section":"Shading Mode"},"sceneLighting":false,"audioPlay":false,"sceneViewState":{"m_AlwaysRefresh":false,"showFog":true,"showSkybox":false,"showFlares":true,"showImageEffects":true,"showParticleSystems":true,"showVisualEffectGraphs":true,"m_FxEnabled":true},"in2DMode":false,"pivot":{"x":0.028303146362304689,"y":0.35194504261016848,"z":0.12201981246471405},"rotation":{"x":-0.10037939995527268,"y":-0.8422923684120178,"z":0.16791674494743348,"w":-0.5031909346580505},"size":0.21650634706020356,"orthographic":false}