{"cameraMode":{"drawMode":0,"name":"Shaded","section":"Shading Mode"},"sceneLighting":false,"audioPlay":false,"sceneViewState":{"m_AlwaysRefresh":false,"showFog":true,"showSkybox":false,"showFlares":true,"showImageEffects":true,"showParticleSystems":true,"showVisualEffectGraphs":true,"m_FxEnabled":true},"in2DMode":false,"pivot":{"x":823.8613891601563,"y":353.223876953125,"z":-17.248668670654298},"rotation":{"x":-0.0031476232688874008,"y":0.9835008978843689,"z":-0.008888284675776959,"w":-0.18540896475315095},"size":9.550000190734864,"orthographic":false}