{"cameraMode":{"drawMode":0,"name":"Shaded","section":"Shading Mode"},"sceneLighting":false,"audioPlay":false,"sceneViewState":{"m_AlwaysRefresh":false,"showFog":true,"showSkybox":false,"showFlares":true,"showImageEffects":true,"showParticleSystems":true,"showVisualEffectGraphs":true,"m_FxEnabled":true},"in2DMode":false,"pivot":{"x":-0.035449087619781497,"y":-7.120354175567627,"z":21.890092849731447},"rotation":{"x":-0.1572260856628418,"y":0.003881217446178198,"z":-0.0003281712415628135,"w":-0.9880038499832153},"size":12.461819648742676,"orthographic":false}